path,type
Type_1/0.jpg-msk.png-channel.png,1
Type_1/1013.jpg-msk.png-channel.png,1
Type_1/1014.jpg-msk.png-channel.png,1
Type_1/1023.jpg-msk.png-channel.png,1
Type_1/1027.jpg-msk.png-channel.png,1
Type_1/102.jpg-msk.png-channel.png,1
Type_1/1040.jpg-msk.png-channel.png,1
Type_1/104.jpg-msk.png-channel.png,1
Type_1/1056.jpg-msk.png-channel.png,1
Type_1/1059.jpg-msk.png-channel.png,1
Type_1/1061.jpg-msk.png-channel.png,1
Type_1/1071.jpg-msk.png-channel.png,1
Type_1/1077.jpg-msk.png-channel.png,1
Type_1/1093.jpg-msk.png-channel.png,1
Type_1/109.jpg-msk.png-channel.png,1
Type_1/10.jpg-msk.png-channel.png,1
Type_1/1105.jpg-msk.png-channel.png,1
Type_1/1123.jpg-msk.png-channel.png,1
Type_1/1131.jpg-msk.png-channel.png,1
Type_1/1134.jpg-msk.png-channel.png,1
Type_1/1136.jpg-msk.png-channel.png,1
Type_1/1139.jpg-msk.png-channel.png,1
Type_1/1154.jpg-msk.png-channel.png,1
Type_1/1161.jpg-msk.png-channel.png,1
Type_1/1168.jpg-msk.png-channel.png,1
Type_1/1174.jpg-msk.png-channel.png,1
Type_1/1179.jpg-msk.png-channel.png,1
Type_1/1194.jpg-msk.png-channel.png,1
Type_1/1199.jpg-msk.png-channel.png,1
Type_1/1202.jpg-msk.png-channel.png,1
Type_1/1204.jpg-msk.png-channel.png,1
Type_1/1220.jpg-msk.png-channel.png,1
Type_1/1223.jpg-msk.png-channel.png,1
Type_1/1229.jpg-msk.png-channel.png,1
Type_1/1239.jpg-msk.png-channel.png,1
Type_1/1245.jpg-msk.png-channel.png,1
Type_1/1273.jpg-msk.png-channel.png,1
Type_1/1274.jpg-msk.png-channel.png,1
Type_1/1279.jpg-msk.png-channel.png,1
Type_1/1281.jpg-msk.png-channel.png,1
Type_1/1285.jpg-msk.png-channel.png,1
Type_1/1288.jpg-msk.png-channel.png,1
Type_1/1308.jpg-msk.png-channel.png,1
Type_1/1314.jpg-msk.png-channel.png,1
Type_1/1320.jpg-msk.png-channel.png,1
Type_1/1324.jpg-msk.png-channel.png,1
Type_1/1326.jpg-msk.png-channel.png,1
Type_1/1336.jpg-msk.png-channel.png,1
Type_1/1346.jpg-msk.png-channel.png,1
Type_1/1370.jpg-msk.png-channel.png,1
Type_1/1389.jpg-msk.png-channel.png,1
Type_1/138.jpg-msk.png-channel.png,1
Type_1/1390.jpg-msk.png-channel.png,1
Type_1/139.jpg-msk.png-channel.png,1
Type_1/13.jpg-msk.png-channel.png,1
Type_1/1414.jpg-msk.png-channel.png,1
Type_1/1422.jpg-msk.png-channel.png,1
Type_1/1427.jpg-msk.png-channel.png,1
Type_1/142.jpg-msk.png-channel.png,1
Type_1/1430.jpg-msk.png-channel.png,1
Type_1/1437.jpg-msk.png-channel.png,1
Type_1/1440.jpg-msk.png-channel.png,1
Type_1/144.jpg-msk.png-channel.png,1
Type_1/1456.jpg-msk.png-channel.png,1
Type_1/1464.jpg-msk.png-channel.png,1
Type_1/14.jpg-msk.png-channel.png,1
Type_1/160.jpg-msk.png-channel.png,1
Type_1/171.jpg-msk.png-channel.png,1
Type_1/176.jpg-msk.png-channel.png,1
Type_1/181.jpg-msk.png-channel.png,1
Type_1/191.jpg-msk.png-channel.png,1
Type_1/201.jpg-msk.png-channel.png,1
Type_1/208.jpg-msk.png-channel.png,1
Type_1/215.jpg-msk.png-channel.png,1
Type_1/218.jpg-msk.png-channel.png,1
Type_1/229.jpg-msk.png-channel.png,1
Type_1/230.jpg-msk.png-channel.png,1
Type_1/239.jpg-msk.png-channel.png,1
Type_1/245.jpg-msk.png-channel.png,1
Type_1/248.jpg-msk.png-channel.png,1
Type_1/252.jpg-msk.png-channel.png,1
Type_1/254.jpg-msk.png-channel.png,1
Type_1/262.jpg-msk.png-channel.png,1
Type_1/267.jpg-msk.png-channel.png,1
Type_1/27.jpg-msk.png-channel.png,1
Type_1/281.jpg-msk.png-channel.png,1
Type_1/294.jpg-msk.png-channel.png,1
Type_1/298.jpg-msk.png-channel.png,1
Type_1/306.jpg-msk.png-channel.png,1
Type_1/308.jpg-msk.png-channel.png,1
Type_1/311.jpg-msk.png-channel.png,1
Type_1/333.jpg-msk.png-channel.png,1
Type_1/334.jpg-msk.png-channel.png,1
Type_1/338.jpg-msk.png-channel.png,1
Type_1/342.jpg-msk.png-channel.png,1
Type_1/346.jpg-msk.png-channel.png,1
Type_1/349.jpg-msk.png-channel.png,1
Type_1/34.jpg-msk.png-channel.png,1
Type_1/356.jpg-msk.png-channel.png,1
Type_1/379.jpg-msk.png-channel.png,1
Type_1/396.jpg-msk.png-channel.png,1
Type_1/416.jpg-msk.png-channel.png,1
Type_1/41.jpg-msk.png-channel.png,1
Type_1/421.jpg-msk.png-channel.png,1
Type_1/425.jpg-msk.png-channel.png,1
Type_1/446.jpg-msk.png-channel.png,1
Type_1/454.jpg-msk.png-channel.png,1
Type_1/469.jpg-msk.png-channel.png,1
Type_1/470.jpg-msk.png-channel.png,1
Type_1/471.jpg-msk.png-channel.png,1
Type_1/478.jpg-msk.png-channel.png,1
Type_1/481.jpg-msk.png-channel.png,1
Type_1/484.jpg-msk.png-channel.png,1
Type_1/48.jpg-msk.png-channel.png,1
Type_1/497.jpg-msk.png-channel.png,1
Type_1/516.jpg-msk.png-channel.png,1
Type_1/518.jpg-msk.png-channel.png,1
Type_1/523.jpg-msk.png-channel.png,1
Type_1/531.jpg-msk.png-channel.png,1
Type_1/532.jpg-msk.png-channel.png,1
Type_1/536.jpg-msk.png-channel.png,1
Type_1/539.jpg-msk.png-channel.png,1
Type_1/550.jpg-msk.png-channel.png,1
Type_1/551.jpg-msk.png-channel.png,1
Type_1/558.jpg-msk.png-channel.png,1
Type_1/55.jpg-msk.png-channel.png,1
Type_1/560.jpg-msk.png-channel.png,1
Type_1/562.jpg-msk.png-channel.png,1
Type_1/576.jpg-msk.png-channel.png,1
Type_1/578.jpg-msk.png-channel.png,1
Type_1/579.jpg-msk.png-channel.png,1
Type_1/580.jpg-msk.png-channel.png,1
Type_1/582.jpg-msk.png-channel.png,1
Type_1/583.jpg-msk.png-channel.png,1
Type_1/593.jpg-msk.png-channel.png,1
Type_1/596.jpg-msk.png-channel.png,1
Type_1/605.jpg-msk.png-channel.png,1
Type_1/619.jpg-msk.png-channel.png,1
Type_1/620.jpg-msk.png-channel.png,1
Type_1/623.jpg-msk.png-channel.png,1
Type_1/641.jpg-msk.png-channel.png,1
Type_1/643.jpg-msk.png-channel.png,1
Type_1/645.jpg-msk.png-channel.png,1
Type_1/649.jpg-msk.png-channel.png,1
Type_1/663.jpg-msk.png-channel.png,1
Type_1/667.jpg-msk.png-channel.png,1
Type_1/683.jpg-msk.png-channel.png,1
Type_1/685.jpg-msk.png-channel.png,1
Type_1/708.jpg-msk.png-channel.png,1
Type_1/713.jpg-msk.png-channel.png,1
Type_1/725.jpg-msk.png-channel.png,1
Type_1/727.jpg-msk.png-channel.png,1
Type_1/732.jpg-msk.png-channel.png,1
Type_1/745.jpg-msk.png-channel.png,1
Type_1/759.jpg-msk.png-channel.png,1
Type_1/763.jpg-msk.png-channel.png,1
Type_1/764.jpg-msk.png-channel.png,1
Type_1/765.jpg-msk.png-channel.png,1
Type_1/769.jpg-msk.png-channel.png,1
Type_1/779.jpg-msk.png-channel.png,1
Type_1/787.jpg-msk.png-channel.png,1
Type_1/7.jpg-msk.png-channel.png,1
Type_1/802.jpg-msk.png-channel.png,1
Type_1/809.jpg-msk.png-channel.png,1
Type_1/810.jpg-msk.png-channel.png,1
Type_1/814.jpg-msk.png-channel.png,1
Type_1/81.jpg-msk.png-channel.png,1
Type_1/821.jpg-msk.png-channel.png,1
Type_1/833.jpg-msk.png-channel.png,1
Type_1/836.jpg-msk.png-channel.png,1
Type_1/842.jpg-msk.png-channel.png,1
Type_1/855.jpg-msk.png-channel.png,1
Type_1/879.jpg-msk.png-channel.png,1
Type_1/887.jpg-msk.png-channel.png,1
Type_1/889.jpg-msk.png-channel.png,1
Type_1/891.jpg-msk.png-channel.png,1
Type_1/895.jpg-msk.png-channel.png,1
Type_1/901.jpg-msk.png-channel.png,1
Type_1/908.jpg-msk.png-channel.png,1
Type_1/918.jpg-msk.png-channel.png,1
Type_1/920.jpg-msk.png-channel.png,1
Type_1/921.jpg-msk.png-channel.png,1
Type_1/928.jpg-msk.png-channel.png,1
Type_1/930.jpg-msk.png-channel.png,1
Type_1/965.jpg-msk.png-channel.png,1
Type_1/96.jpg-msk.png-channel.png,1
Type_1/972.jpg-msk.png-channel.png,1
Type_1/977.jpg-msk.png-channel.png,1
Type_1/984.jpg-msk.png-channel.png,1
Type_1/991.jpg-msk.png-channel.png,1
Type_1/998.jpg-msk.png-channel.png,1
Type_2/1001.jpg-msk.png-channel.png,2
Type_2/1002.jpg-msk.png-channel.png,2
Type_2/1005.jpg-msk.png-channel.png,2
Type_2/100.jpg-msk.png-channel.png,2
Type_2/1010.jpg-msk.png-channel.png,2
Type_2/1011.jpg-msk.png-channel.png,2
Type_2/1016.jpg-msk.png-channel.png,2
Type_2/1018.jpg-msk.png-channel.png,2
Type_2/1021.jpg-msk.png-channel.png,2
Type_2/1025.jpg-msk.png-channel.png,2
Type_2/1035.jpg-msk.png-channel.png,2
Type_2/1036.jpg-msk.png-channel.png,2
Type_2/103.jpg-msk.png-channel.png,2
Type_2/1042.jpg-msk.png-channel.png,2
Type_2/1043.jpg-msk.png-channel.png,2
Type_2/1044.jpg-msk.png-channel.png,2
Type_2/1046.jpg-msk.png-channel.png,2
Type_2/1047.jpg-msk.png-channel.png,2
Type_2/1050.jpg-msk.png-channel.png,2
Type_2/1055.jpg-msk.png-channel.png,2
Type_2/1057.jpg-msk.png-channel.png,2
Type_2/1058.jpg-msk.png-channel.png,2
Type_2/105.jpg-msk.png-channel.png,2
Type_2/1067.jpg-msk.png-channel.png,2
Type_2/1072.jpg-msk.png-channel.png,2
Type_2/1073.jpg-msk.png-channel.png,2
Type_2/1074.jpg-msk.png-channel.png,2
Type_2/107.jpg-msk.png-channel.png,2
Type_2/1083.jpg-msk.png-channel.png,2
Type_2/1084.jpg-msk.png-channel.png,2
Type_2/1085.jpg-msk.png-channel.png,2
Type_2/1090.jpg-msk.png-channel.png,2
Type_2/1091.jpg-msk.png-channel.png,2
Type_2/1109.jpg-msk.png-channel.png,2
Type_2/1114.jpg-msk.png-channel.png,2
Type_2/1117.jpg-msk.png-channel.png,2
Type_2/1121.jpg-msk.png-channel.png,2
Type_2/1122.jpg-msk.png-channel.png,2
Type_2/1124.jpg-msk.png-channel.png,2
Type_2/1125.jpg-msk.png-channel.png,2
Type_2/112.jpg-msk.png-channel.png,2
Type_2/1130.jpg-msk.png-channel.png,2
Type_2/1132.jpg-msk.png-channel.png,2
Type_2/1135.jpg-msk.png-channel.png,2
Type_2/1138.jpg-msk.png-channel.png,2
Type_2/1140.jpg-msk.png-channel.png,2
Type_2/1141.jpg-msk.png-channel.png,2
Type_2/1142.jpg-msk.png-channel.png,2
Type_2/1143.jpg-msk.png-channel.png,2
Type_2/1145.jpg-msk.png-channel.png,2
Type_2/1146.jpg-msk.png-channel.png,2
Type_2/1147.jpg-msk.png-channel.png,2
Type_2/1148.jpg-msk.png-channel.png,2
Type_2/1149.jpg-msk.png-channel.png,2
Type_2/1151.jpg-msk.png-channel.png,2
Type_2/1152.jpg-msk.png-channel.png,2
Type_2/1156.jpg-msk.png-channel.png,2
Type_2/1158.jpg-msk.png-channel.png,2
Type_2/1159.jpg-msk.png-channel.png,2
Type_2/115.jpg-msk.png-channel.png,2
Type_2/116.jpg-msk.png-channel.png,2
Type_2/1172.jpg-msk.png-channel.png,2
Type_2/1173.jpg-msk.png-channel.png,2
Type_2/1175.jpg-msk.png-channel.png,2
Type_2/117.jpg-msk.png-channel.png,2
Type_2/1181.jpg-msk.png-channel.png,2
Type_2/1184.jpg-msk.png-channel.png,2
Type_2/1185.jpg-msk.png-channel.png,2
Type_2/1186.jpg-msk.png-channel.png,2
Type_2/1189.jpg-msk.png-channel.png,2
Type_2/1192.jpg-msk.png-channel.png,2
Type_2/1193.jpg-msk.png-channel.png,2
Type_2/1196.jpg-msk.png-channel.png,2
Type_2/1198.jpg-msk.png-channel.png,2
Type_2/119.jpg-msk.png-channel.png,2
Type_2/1201.jpg-msk.png-channel.png,2
Type_2/1203.jpg-msk.png-channel.png,2
Type_2/1205.jpg-msk.png-channel.png,2
Type_2/120.jpg-msk.png-channel.png,2
Type_2/1211.jpg-msk.png-channel.png,2
Type_2/1212.jpg-msk.png-channel.png,2
Type_2/1213.jpg-msk.png-channel.png,2
Type_2/1214.jpg-msk.png-channel.png,2
Type_2/1215.jpg-msk.png-channel.png,2
Type_2/1217.jpg-msk.png-channel.png,2
Type_2/1218.jpg-msk.png-channel.png,2
Type_2/1219.jpg-msk.png-channel.png,2
Type_2/121.jpg-msk.png-channel.png,2
Type_2/1222.jpg-msk.png-channel.png,2
Type_2/1225.jpg-msk.png-channel.png,2
Type_2/1227.jpg-msk.png-channel.png,2
Type_2/1228.jpg-msk.png-channel.png,2
Type_2/122.jpg-msk.png-channel.png,2
Type_2/1234.jpg-msk.png-channel.png,2
Type_2/1236.jpg-msk.png-channel.png,2
Type_2/1238.jpg-msk.png-channel.png,2
Type_2/123.jpg-msk.png-channel.png,2
Type_2/1242.jpg-msk.png-channel.png,2
Type_2/1246.jpg-msk.png-channel.png,2
Type_2/1250.jpg-msk.png-channel.png,2
Type_2/1253.jpg-msk.png-channel.png,2
Type_2/1255.jpg-msk.png-channel.png,2
Type_2/1257.jpg-msk.png-channel.png,2
Type_2/1260.jpg-msk.png-channel.png,2
Type_2/1261.jpg-msk.png-channel.png,2
Type_2/1262.jpg-msk.png-channel.png,2
Type_2/1263.jpg-msk.png-channel.png,2
Type_2/1264.jpg-msk.png-channel.png,2
Type_2/1267.jpg-msk.png-channel.png,2
Type_2/1269.jpg-msk.png-channel.png,2
Type_2/126.jpg-msk.png-channel.png,2
Type_2/1271.jpg-msk.png-channel.png,2
Type_2/1272.jpg-msk.png-channel.png,2
Type_2/1276.jpg-msk.png-channel.png,2
Type_2/127.jpg-msk.png-channel.png,2
Type_2/1283.jpg-msk.png-channel.png,2
Type_2/128.jpg-msk.png-channel.png,2
Type_2/1290.jpg-msk.png-channel.png,2
Type_2/1293.jpg-msk.png-channel.png,2
Type_2/1294.jpg-msk.png-channel.png,2
Type_2/1295.jpg-msk.png-channel.png,2
Type_2/1298.jpg-msk.png-channel.png,2
Type_2/1299.jpg-msk.png-channel.png,2
Type_2/1301.jpg-msk.png-channel.png,2
Type_2/1303.jpg-msk.png-channel.png,2
Type_2/1304.jpg-msk.png-channel.png,2
Type_2/1305.jpg-msk.png-channel.png,2
Type_2/1310.jpg-msk.png-channel.png,2
Type_2/1312.jpg-msk.png-channel.png,2
Type_2/1313.jpg-msk.png-channel.png,2
Type_2/1315.jpg-msk.png-channel.png,2
Type_2/1316.jpg-msk.png-channel.png,2
Type_2/1318.jpg-msk.png-channel.png,2
Type_2/1319.jpg-msk.png-channel.png,2
Type_2/1321.jpg-msk.png-channel.png,2
Type_2/1322.jpg-msk.png-channel.png,2
Type_2/1327.jpg-msk.png-channel.png,2
Type_2/1328.jpg-msk.png-channel.png,2
Type_2/1329.jpg-msk.png-channel.png,2
Type_2/1330.jpg-msk.png-channel.png,2
Type_2/1337.jpg-msk.png-channel.png,2
Type_2/133.jpg-msk.png-channel.png,2
Type_2/1340.jpg-msk.png-channel.png,2
Type_2/1343.jpg-msk.png-channel.png,2
Type_2/1348.jpg-msk.png-channel.png,2
Type_2/1349.jpg-msk.png-channel.png,2
Type_2/134.jpg-msk.png-channel.png,2
Type_2/1353.jpg-msk.png-channel.png,2
Type_2/1354.jpg-msk.png-channel.png,2
Type_2/1358.jpg-msk.png-channel.png,2
Type_2/1359.jpg-msk.png-channel.png,2
Type_2/1361.jpg-msk.png-channel.png,2
Type_2/1362.jpg-msk.png-channel.png,2
Type_2/1368.jpg-msk.png-channel.png,2
Type_2/1371.jpg-msk.png-channel.png,2
Type_2/1373.jpg-msk.png-channel.png,2
Type_2/1376.jpg-msk.png-channel.png,2
Type_2/1377.jpg-msk.png-channel.png,2
Type_2/1379.jpg-msk.png-channel.png,2
Type_2/1383.jpg-msk.png-channel.png,2
Type_2/1385.jpg-msk.png-channel.png,2
Type_2/1388.jpg-msk.png-channel.png,2
Type_2/1391.jpg-msk.png-channel.png,2
Type_2/1392.jpg-msk.png-channel.png,2
Type_2/1395.jpg-msk.png-channel.png,2
Type_2/1398.jpg-msk.png-channel.png,2
Type_2/1399.jpg-msk.png-channel.png,2
Type_2/1406.jpg-msk.png-channel.png,2
Type_2/1413.jpg-msk.png-channel.png,2
Type_2/1415.jpg-msk.png-channel.png,2
Type_2/1416.jpg-msk.png-channel.png,2
Type_2/1418.jpg-msk.png-channel.png,2
Type_2/1419.jpg-msk.png-channel.png,2
Type_2/1421.jpg-msk.png-channel.png,2
Type_2/1424.jpg-msk.png-channel.png,2
Type_2/1426.jpg-msk.png-channel.png,2
Type_2/1428.jpg-msk.png-channel.png,2
Type_2/1432.jpg-msk.png-channel.png,2
Type_2/1435.jpg-msk.png-channel.png,2
Type_2/1436.jpg-msk.png-channel.png,2
Type_2/1438.jpg-msk.png-channel.png,2
Type_2/1443.jpg-msk.png-channel.png,2
Type_2/1444.jpg-msk.png-channel.png,2
Type_2/1445.jpg-msk.png-channel.png,2
Type_2/1449.jpg-msk.png-channel.png,2
Type_2/1451.jpg-msk.png-channel.png,2
Type_2/1452.jpg-msk.png-channel.png,2
Type_2/1453.jpg-msk.png-channel.png,2
Type_2/1454.jpg-msk.png-channel.png,2
Type_2/1462.jpg-msk.png-channel.png,2
Type_2/1463.jpg-msk.png-channel.png,2
Type_2/1465.jpg-msk.png-channel.png,2
Type_2/1466.jpg-msk.png-channel.png,2
Type_2/1467.jpg-msk.png-channel.png,2
Type_2/1472.jpg-msk.png-channel.png,2
Type_2/1476.jpg-msk.png-channel.png,2
Type_2/1478.jpg-msk.png-channel.png,2
Type_2/1480.jpg-msk.png-channel.png,2
Type_2/149.jpg-msk.png-channel.png,2
Type_2/151.jpg-msk.png-channel.png,2
Type_2/152.jpg-msk.png-channel.png,2
Type_2/153.jpg-msk.png-channel.png,2
Type_2/156.jpg-msk.png-channel.png,2
Type_2/157.jpg-msk.png-channel.png,2
Type_2/159.jpg-msk.png-channel.png,2
Type_2/161.jpg-msk.png-channel.png,2
Type_2/162.jpg-msk.png-channel.png,2
Type_2/164.jpg-msk.png-channel.png,2
Type_2/165.jpg-msk.png-channel.png,2
Type_2/167.jpg-msk.png-channel.png,2
Type_2/168.jpg-msk.png-channel.png,2
Type_2/175.jpg-msk.png-channel.png,2
Type_2/177.jpg-msk.png-channel.png,2
Type_2/178.jpg-msk.png-channel.png,2
Type_2/17.jpg-msk.png-channel.png,2
Type_2/182.jpg-msk.png-channel.png,2
Type_2/183.jpg-msk.png-channel.png,2
Type_2/186.jpg-msk.png-channel.png,2
Type_2/189.jpg-msk.png-channel.png,2
Type_2/190.jpg-msk.png-channel.png,2
Type_2/192.jpg-msk.png-channel.png,2
Type_2/19.jpg-msk.png-channel.png,2
Type_2/1.jpg-msk.png-channel.png,2
Type_2/204.jpg-msk.png-channel.png,2
Type_2/206.jpg-msk.png-channel.png,2
Type_2/209.jpg-msk.png-channel.png,2
Type_2/210.jpg-msk.png-channel.png,2
Type_2/213.jpg-msk.png-channel.png,2
Type_2/216.jpg-msk.png-channel.png,2
Type_2/219.jpg-msk.png-channel.png,2
Type_2/223.jpg-msk.png-channel.png,2
Type_2/224.jpg-msk.png-channel.png,2
Type_2/225.jpg-msk.png-channel.png,2
Type_2/227.jpg-msk.png-channel.png,2
Type_2/22.jpg-msk.png-channel.png,2
Type_2/231.jpg-msk.png-channel.png,2
Type_2/233.jpg-msk.png-channel.png,2
Type_2/234.jpg-msk.png-channel.png,2
Type_2/235.jpg-msk.png-channel.png,2
Type_2/238.jpg-msk.png-channel.png,2
Type_2/240.jpg-msk.png-channel.png,2
Type_2/241.jpg-msk.png-channel.png,2
Type_2/243.jpg-msk.png-channel.png,2
Type_2/244.jpg-msk.png-channel.png,2
Type_2/246.jpg-msk.png-channel.png,2
Type_2/250.jpg-msk.png-channel.png,2
Type_2/251.jpg-msk.png-channel.png,2
Type_2/255.jpg-msk.png-channel.png,2
Type_2/264.jpg-msk.png-channel.png,2
Type_2/266.jpg-msk.png-channel.png,2
Type_2/268.jpg-msk.png-channel.png,2
Type_2/270.jpg-msk.png-channel.png,2
Type_2/274.jpg-msk.png-channel.png,2
Type_2/278.jpg-msk.png-channel.png,2
Type_2/279.jpg-msk.png-channel.png,2
Type_2/283.jpg-msk.png-channel.png,2
Type_2/284.jpg-msk.png-channel.png,2
Type_2/288.jpg-msk.png-channel.png,2
Type_2/28.jpg-msk.png-channel.png,2
Type_2/291.jpg-msk.png-channel.png,2
Type_2/296.jpg-msk.png-channel.png,2
Type_2/29.jpg-msk.png-channel.png,2
Type_2/2.jpg-msk.png-channel.png,2
Type_2/301.jpg-msk.png-channel.png,2
Type_2/302.jpg-msk.png-channel.png,2
Type_2/303.jpg-msk.png-channel.png,2
Type_2/305.jpg-msk.png-channel.png,2
Type_2/310.jpg-msk.png-channel.png,2
Type_2/312.jpg-msk.png-channel.png,2
Type_2/313.jpg-msk.png-channel.png,2
Type_2/314.jpg-msk.png-channel.png,2
Type_2/315.jpg-msk.png-channel.png,2
Type_2/316.jpg-msk.png-channel.png,2
Type_2/317.jpg-msk.png-channel.png,2
Type_2/326.jpg-msk.png-channel.png,2
Type_2/329.jpg-msk.png-channel.png,2
Type_2/330.jpg-msk.png-channel.png,2
Type_2/331.jpg-msk.png-channel.png,2
Type_2/332.jpg-msk.png-channel.png,2
Type_2/337.jpg-msk.png-channel.png,2
Type_2/339.jpg-msk.png-channel.png,2
Type_2/340.jpg-msk.png-channel.png,2
Type_2/341.jpg-msk.png-channel.png,2
Type_2/343.jpg-msk.png-channel.png,2
Type_2/345.jpg-msk.png-channel.png,2
Type_2/348.jpg-msk.png-channel.png,2
Type_2/351.jpg-msk.png-channel.png,2
Type_2/354.jpg-msk.png-channel.png,2
Type_2/359.jpg-msk.png-channel.png,2
Type_2/360.jpg-msk.png-channel.png,2
Type_2/364.jpg-msk.png-channel.png,2
Type_2/365.jpg-msk.png-channel.png,2
Type_2/366.jpg-msk.png-channel.png,2
Type_2/369.jpg-msk.png-channel.png,2
Type_2/36.jpg-msk.png-channel.png,2
Type_2/371.jpg-msk.png-channel.png,2
Type_2/372.jpg-msk.png-channel.png,2
Type_2/375.jpg-msk.png-channel.png,2
Type_2/37.jpg-msk.png-channel.png,2
Type_2/381.jpg-msk.png-channel.png,2
Type_2/382.jpg-msk.png-channel.png,2
Type_2/385.jpg-msk.png-channel.png,2
Type_2/386.jpg-msk.png-channel.png,2
Type_2/388.jpg-msk.png-channel.png,2
Type_2/389.jpg-msk.png-channel.png,2
Type_2/393.jpg-msk.png-channel.png,2
Type_2/394.jpg-msk.png-channel.png,2
Type_2/395.jpg-msk.png-channel.png,2
Type_2/397.jpg-msk.png-channel.png,2
Type_2/398.jpg-msk.png-channel.png,2
Type_2/39.jpg-msk.png-channel.png,2
Type_2/400.jpg-msk.png-channel.png,2
Type_2/403.jpg-msk.png-channel.png,2
Type_2/406.jpg-msk.png-channel.png,2
Type_2/407.jpg-msk.png-channel.png,2
Type_2/408.jpg-msk.png-channel.png,2
Type_2/40.jpg-msk.png-channel.png,2
Type_2/410.jpg-msk.png-channel.png,2
Type_2/411.jpg-msk.png-channel.png,2
Type_2/413.jpg-msk.png-channel.png,2
Type_2/414.jpg-msk.png-channel.png,2
Type_2/418.jpg-msk.png-channel.png,2
Type_2/419.jpg-msk.png-channel.png,2
Type_2/423.jpg-msk.png-channel.png,2
Type_2/429.jpg-msk.png-channel.png,2
Type_2/42.jpg-msk.png-channel.png,2
Type_2/437.jpg-msk.png-channel.png,2
Type_2/438.jpg-msk.png-channel.png,2
Type_2/43.jpg-msk.png-channel.png,2
Type_2/443.jpg-msk.png-channel.png,2
Type_2/445.jpg-msk.png-channel.png,2
Type_2/447.jpg-msk.png-channel.png,2
Type_2/448.jpg-msk.png-channel.png,2
Type_2/449.jpg-msk.png-channel.png,2
Type_2/44.jpg-msk.png-channel.png,2
Type_2/451.jpg-msk.png-channel.png,2
Type_2/453.jpg-msk.png-channel.png,2
Type_2/455.jpg-msk.png-channel.png,2
Type_2/457.jpg-msk.png-channel.png,2
Type_2/45.jpg-msk.png-channel.png,2
Type_2/460.jpg-msk.png-channel.png,2
Type_2/461.jpg-msk.png-channel.png,2
Type_2/462.jpg-msk.png-channel.png,2
Type_2/464.jpg-msk.png-channel.png,2
Type_2/46.jpg-msk.png-channel.png,2
Type_2/472.jpg-msk.png-channel.png,2
Type_2/473.jpg-msk.png-channel.png,2
Type_2/476.jpg-msk.png-channel.png,2
Type_2/482.jpg-msk.png-channel.png,2
Type_2/485.jpg-msk.png-channel.png,2
Type_2/488.jpg-msk.png-channel.png,2
Type_2/490.jpg-msk.png-channel.png,2
Type_2/493.jpg-msk.png-channel.png,2
Type_2/496.jpg-msk.png-channel.png,2
Type_2/499.jpg-msk.png-channel.png,2
Type_2/4.jpg-msk.png-channel.png,2
Type_2/504.jpg-msk.png-channel.png,2
Type_2/507.jpg-msk.png-channel.png,2
Type_2/508.jpg-msk.png-channel.png,2
Type_2/509.jpg-msk.png-channel.png,2
Type_2/51.jpg-msk.png-channel.png,2
Type_2/521.jpg-msk.png-channel.png,2
Type_2/522.jpg-msk.png-channel.png,2
Type_2/524.jpg-msk.png-channel.png,2
Type_2/525.jpg-msk.png-channel.png,2
Type_2/526.jpg-msk.png-channel.png,2
Type_2/528.jpg-msk.png-channel.png,2
Type_2/529.jpg-msk.png-channel.png,2
Type_2/534.jpg-msk.png-channel.png,2
Type_2/535.jpg-msk.png-channel.png,2
Type_2/537.jpg-msk.png-channel.png,2
Type_2/538.jpg-msk.png-channel.png,2
Type_2/53.jpg-msk.png-channel.png,2
Type_2/540.jpg-msk.png-channel.png,2
Type_2/541.jpg-msk.png-channel.png,2
Type_2/542.jpg-msk.png-channel.png,2
Type_2/544.jpg-msk.png-channel.png,2
Type_2/545.jpg-msk.png-channel.png,2
Type_2/546.jpg-msk.png-channel.png,2
Type_2/547.jpg-msk.png-channel.png,2
Type_2/54.jpg-msk.png-channel.png,2
Type_2/552.jpg-msk.png-channel.png,2
Type_2/557.jpg-msk.png-channel.png,2
Type_2/559.jpg-msk.png-channel.png,2
Type_2/561.jpg-msk.png-channel.png,2
Type_2/563.jpg-msk.png-channel.png,2
Type_2/564.jpg-msk.png-channel.png,2
Type_2/569.jpg-msk.png-channel.png,2
Type_2/56.jpg-msk.png-channel.png,2
Type_2/570.jpg-msk.png-channel.png,2
Type_2/572.jpg-msk.png-channel.png,2
Type_2/574.jpg-msk.png-channel.png,2
Type_2/577.jpg-msk.png-channel.png,2
Type_2/581.jpg-msk.png-channel.png,2
Type_2/584.jpg-msk.png-channel.png,2
Type_2/589.jpg-msk.png-channel.png,2
Type_2/591.jpg-msk.png-channel.png,2
Type_2/592.jpg-msk.png-channel.png,2
Type_2/595.jpg-msk.png-channel.png,2
Type_2/597.jpg-msk.png-channel.png,2
Type_2/601.jpg-msk.png-channel.png,2
Type_2/602.jpg-msk.png-channel.png,2
Type_2/603.jpg-msk.png-channel.png,2
Type_2/608.jpg-msk.png-channel.png,2
Type_2/609.jpg-msk.png-channel.png,2
Type_2/60.jpg-msk.png-channel.png,2
Type_2/611.jpg-msk.png-channel.png,2
Type_2/613.jpg-msk.png-channel.png,2
Type_2/614.jpg-msk.png-channel.png,2
Type_2/615.jpg-msk.png-channel.png,2
Type_2/618.jpg-msk.png-channel.png,2
Type_2/621.jpg-msk.png-channel.png,2
Type_2/622.jpg-msk.png-channel.png,2
Type_2/632.jpg-msk.png-channel.png,2
Type_2/633.jpg-msk.png-channel.png,2
Type_2/634.jpg-msk.png-channel.png,2
Type_2/639.jpg-msk.png-channel.png,2
Type_2/640.jpg-msk.png-channel.png,2
Type_2/642.jpg-msk.png-channel.png,2
Type_2/644.jpg-msk.png-channel.png,2
Type_2/647.jpg-msk.png-channel.png,2
Type_2/648.jpg-msk.png-channel.png,2
Type_2/64.jpg-msk.png-channel.png,2
Type_2/652.jpg-msk.png-channel.png,2
Type_2/655.jpg-msk.png-channel.png,2
Type_2/657.jpg-msk.png-channel.png,2
Type_2/658.jpg-msk.png-channel.png,2
Type_2/659.jpg-msk.png-channel.png,2
Type_2/65.jpg-msk.png-channel.png,2
Type_2/662.jpg-msk.png-channel.png,2
Type_2/665.jpg-msk.png-channel.png,2
Type_2/666.jpg-msk.png-channel.png,2
Type_2/66.jpg-msk.png-channel.png,2
Type_2/671.jpg-msk.png-channel.png,2
Type_2/673.jpg-msk.png-channel.png,2
Type_2/674.jpg-msk.png-channel.png,2
Type_2/676.jpg-msk.png-channel.png,2
Type_2/678.jpg-msk.png-channel.png,2
Type_2/67.jpg-msk.png-channel.png,2
Type_2/680.jpg-msk.png-channel.png,2
Type_2/681.jpg-msk.png-channel.png,2
Type_2/684.jpg-msk.png-channel.png,2
Type_2/686.jpg-msk.png-channel.png,2
Type_2/687.jpg-msk.png-channel.png,2
Type_2/68.jpg-msk.png-channel.png,2
Type_2/691.jpg-msk.png-channel.png,2
Type_2/693.jpg-msk.png-channel.png,2
Type_2/696.jpg-msk.png-channel.png,2
Type_2/698.jpg-msk.png-channel.png,2
Type_2/699.jpg-msk.png-channel.png,2
Type_2/6.jpg-msk.png-channel.png,2
Type_2/701.jpg-msk.png-channel.png,2
Type_2/702.jpg-msk.png-channel.png,2
Type_2/704.jpg-msk.png-channel.png,2
Type_2/705.jpg-msk.png-channel.png,2
Type_2/714.jpg-msk.png-channel.png,2
Type_2/716.jpg-msk.png-channel.png,2
Type_2/717.jpg-msk.png-channel.png,2
Type_2/719.jpg-msk.png-channel.png,2
Type_2/720.jpg-msk.png-channel.png,2
Type_2/723.jpg-msk.png-channel.png,2
Type_2/724.jpg-msk.png-channel.png,2
Type_2/726.jpg-msk.png-channel.png,2
Type_2/729.jpg-msk.png-channel.png,2
Type_2/72.jpg-msk.png-channel.png,2
Type_2/730.jpg-msk.png-channel.png,2
Type_2/738.jpg-msk.png-channel.png,2
Type_2/743.jpg-msk.png-channel.png,2
Type_2/744.jpg-msk.png-channel.png,2
Type_2/749.jpg-msk.png-channel.png,2
Type_2/74.jpg-msk.png-channel.png,2
Type_2/753.jpg-msk.png-channel.png,2
Type_2/754.jpg-msk.png-channel.png,2
Type_2/756.jpg-msk.png-channel.png,2
Type_2/75.jpg-msk.png-channel.png,2
Type_2/760.jpg-msk.png-channel.png,2
Type_2/762.jpg-msk.png-channel.png,2
Type_2/768.jpg-msk.png-channel.png,2
Type_2/772.jpg-msk.png-channel.png,2
Type_2/775.jpg-msk.png-channel.png,2
Type_2/777.jpg-msk.png-channel.png,2
Type_2/77.jpg-msk.png-channel.png,2
Type_2/785.jpg-msk.png-channel.png,2
Type_2/786.jpg-msk.png-channel.png,2
Type_2/789.jpg-msk.png-channel.png,2
Type_2/790.jpg-msk.png-channel.png,2
Type_2/792.jpg-msk.png-channel.png,2
Type_2/793.jpg-msk.png-channel.png,2
Type_2/794.jpg-msk.png-channel.png,2
Type_2/795.jpg-msk.png-channel.png,2
Type_2/797.jpg-msk.png-channel.png,2
Type_2/798.jpg-msk.png-channel.png,2
Type_2/79.jpg-msk.png-channel.png,2
Type_2/804.jpg-msk.png-channel.png,2
Type_2/807.jpg-msk.png-channel.png,2
Type_2/80.jpg-msk.png-channel.png,2
Type_2/813.jpg-msk.png-channel.png,2
Type_2/815.jpg-msk.png-channel.png,2
Type_2/816.jpg-msk.png-channel.png,2
Type_2/824.jpg-msk.png-channel.png,2
Type_2/826.jpg-msk.png-channel.png,2
Type_2/829.jpg-msk.png-channel.png,2
Type_2/830.jpg-msk.png-channel.png,2
Type_2/832.jpg-msk.png-channel.png,2
Type_2/834.jpg-msk.png-channel.png,2
Type_2/838.jpg-msk.png-channel.png,2
Type_2/843.jpg-msk.png-channel.png,2
Type_2/847.jpg-msk.png-channel.png,2
Type_2/849.jpg-msk.png-channel.png,2
Type_2/84.jpg-msk.png-channel.png,2
Type_2/851.jpg-msk.png-channel.png,2
Type_2/854.jpg-msk.png-channel.png,2
Type_2/856.jpg-msk.png-channel.png,2
Type_2/857.jpg-msk.png-channel.png,2
Type_2/859.jpg-msk.png-channel.png,2
Type_2/860.jpg-msk.png-channel.png,2
Type_2/863.jpg-msk.png-channel.png,2
Type_2/865.jpg-msk.png-channel.png,2
Type_2/867.jpg-msk.png-channel.png,2
Type_2/868.jpg-msk.png-channel.png,2
Type_2/86.jpg-msk.png-channel.png,2
Type_2/871.jpg-msk.png-channel.png,2
Type_2/874.jpg-msk.png-channel.png,2
Type_2/882.jpg-msk.png-channel.png,2
Type_2/883.jpg-msk.png-channel.png,2
Type_2/884.jpg-msk.png-channel.png,2
Type_2/886.jpg-msk.png-channel.png,2
Type_2/888.jpg-msk.png-channel.png,2
Type_2/89.jpg-msk.png-channel.png,2
Type_2/8.jpg-msk.png-channel.png,2
Type_2/903.jpg-msk.png-channel.png,2
Type_2/905.jpg-msk.png-channel.png,2
Type_2/911.jpg-msk.png-channel.png,2
Type_2/913.jpg-msk.png-channel.png,2
Type_2/919.jpg-msk.png-channel.png,2
Type_2/91.jpg-msk.png-channel.png,2
Type_2/922.jpg-msk.png-channel.png,2
Type_2/926.jpg-msk.png-channel.png,2
Type_2/92.jpg-msk.png-channel.png,2
Type_2/932.jpg-msk.png-channel.png,2
Type_2/933.jpg-msk.png-channel.png,2
Type_2/935.jpg-msk.png-channel.png,2
Type_2/936.jpg-msk.png-channel.png,2
Type_2/938.jpg-msk.png-channel.png,2
Type_2/939.jpg-msk.png-channel.png,2
Type_2/93.jpg-msk.png-channel.png,2
Type_2/940.jpg-msk.png-channel.png,2
Type_2/942.jpg-msk.png-channel.png,2
Type_2/948.jpg-msk.png-channel.png,2
Type_2/94.jpg-msk.png-channel.png,2
Type_2/956.jpg-msk.png-channel.png,2
Type_2/95.jpg-msk.png-channel.png,2
Type_2/960.jpg-msk.png-channel.png,2
Type_2/961.jpg-msk.png-channel.png,2
Type_2/963.jpg-msk.png-channel.png,2
Type_2/964.jpg-msk.png-channel.png,2
Type_2/966.jpg-msk.png-channel.png,2
Type_2/967.jpg-msk.png-channel.png,2
Type_2/969.jpg-msk.png-channel.png,2
Type_2/970.jpg-msk.png-channel.png,2
Type_2/971.jpg-msk.png-channel.png,2
Type_2/973.jpg-msk.png-channel.png,2
Type_2/974.jpg-msk.png-channel.png,2
Type_2/976.jpg-msk.png-channel.png,2
Type_2/978.jpg-msk.png-channel.png,2
Type_2/979.jpg-msk.png-channel.png,2
Type_2/97.jpg-msk.png-channel.png,2
Type_2/981.jpg-msk.png-channel.png,2
Type_2/985.jpg-msk.png-channel.png,2
Type_2/987.jpg-msk.png-channel.png,2
Type_2/988.jpg-msk.png-channel.png,2
Type_2/989.jpg-msk.png-channel.png,2
Type_2/990.jpg-msk.png-channel.png,2
Type_2/992.jpg-msk.png-channel.png,2
Type_2/994.jpg-msk.png-channel.png,2
Type_2/997.jpg-msk.png-channel.png,2
Type_2/999.jpg-msk.png-channel.png,2
Type_2/99.jpg-msk.png-channel.png,2
Type_3/1000.jpg-msk.png-channel.png,3
Type_3/1003.jpg-msk.png-channel.png,3
Type_3/1004.jpg-msk.png-channel.png,3
Type_3/1007.jpg-msk.png-channel.png,3
Type_3/1008.jpg-msk.png-channel.png,3
Type_3/1009.jpg-msk.png-channel.png,3
Type_3/1020.jpg-msk.png-channel.png,3
Type_3/1028.jpg-msk.png-channel.png,3
Type_3/1029.jpg-msk.png-channel.png,3
Type_3/1030.jpg-msk.png-channel.png,3
Type_3/1037.jpg-msk.png-channel.png,3
Type_3/1041.jpg-msk.png-channel.png,3
Type_3/1048.jpg-msk.png-channel.png,3
Type_3/1052.jpg-msk.png-channel.png,3
Type_3/1053.jpg-msk.png-channel.png,3
Type_3/1063.jpg-msk.png-channel.png,3
Type_3/1064.jpg-msk.png-channel.png,3
Type_3/1069.jpg-msk.png-channel.png,3
Type_3/1081.jpg-msk.png-channel.png,3
Type_3/1082.jpg-msk.png-channel.png,3
Type_3/1088.jpg-msk.png-channel.png,3
Type_3/1107.jpg-msk.png-channel.png,3
Type_3/1110.jpg-msk.png-channel.png,3
Type_3/1111.jpg-msk.png-channel.png,3
Type_3/1112.jpg-msk.png-channel.png,3
Type_3/1113.jpg-msk.png-channel.png,3
Type_3/111.jpg-msk.png-channel.png,3
Type_3/1127.jpg-msk.png-channel.png,3
Type_3/1128.jpg-msk.png-channel.png,3
Type_3/1129.jpg-msk.png-channel.png,3
Type_3/1137.jpg-msk.png-channel.png,3
Type_3/113.jpg-msk.png-channel.png,3
Type_3/1157.jpg-msk.png-channel.png,3
Type_3/1162.jpg-msk.png-channel.png,3
Type_3/1163.jpg-msk.png-channel.png,3
Type_3/1164.jpg-msk.png-channel.png,3
Type_3/1166.jpg-msk.png-channel.png,3
Type_3/1167.jpg-msk.png-channel.png,3
Type_3/1177.jpg-msk.png-channel.png,3
Type_3/11.jpg-msk.png-channel.png,3
Type_3/1200.jpg-msk.png-channel.png,3
Type_3/1206.jpg-msk.png-channel.png,3
Type_3/1207.jpg-msk.png-channel.png,3
Type_3/1221.jpg-msk.png-channel.png,3
Type_3/1224.jpg-msk.png-channel.png,3
Type_3/1235.jpg-msk.png-channel.png,3
Type_3/1248.jpg-msk.png-channel.png,3
Type_3/124.jpg-msk.png-channel.png,3
Type_3/1252.jpg-msk.png-channel.png,3
Type_3/1256.jpg-msk.png-channel.png,3
Type_3/1259.jpg-msk.png-channel.png,3
Type_3/125.jpg-msk.png-channel.png,3
Type_3/1265.jpg-msk.png-channel.png,3
Type_3/1268.jpg-msk.png-channel.png,3
Type_3/1270.jpg-msk.png-channel.png,3
Type_3/1275.jpg-msk.png-channel.png,3
Type_3/1277.jpg-msk.png-channel.png,3
Type_3/1278.jpg-msk.png-channel.png,3
Type_3/1280.jpg-msk.png-channel.png,3
Type_3/1284.jpg-msk.png-channel.png,3
Type_3/1286.jpg-msk.png-channel.png,3
Type_3/1287.jpg-msk.png-channel.png,3
Type_3/1291.jpg-msk.png-channel.png,3
Type_3/1300.jpg-msk.png-channel.png,3
Type_3/1306.jpg-msk.png-channel.png,3
Type_3/1307.jpg-msk.png-channel.png,3
Type_3/1309.jpg-msk.png-channel.png,3
Type_3/130.jpg-msk.png-channel.png,3
Type_3/1323.jpg-msk.png-channel.png,3
Type_3/1332.jpg-msk.png-channel.png,3
Type_3/1333.jpg-msk.png-channel.png,3
Type_3/1335.jpg-msk.png-channel.png,3
Type_3/1341.jpg-msk.png-channel.png,3
Type_3/1350.jpg-msk.png-channel.png,3
Type_3/1351.jpg-msk.png-channel.png,3
Type_3/1355.jpg-msk.png-channel.png,3
Type_3/135.jpg-msk.png-channel.png,3
Type_3/1360.jpg-msk.png-channel.png,3
Type_3/1366.jpg-msk.png-channel.png,3
Type_3/1372.jpg-msk.png-channel.png,3
Type_3/1374.jpg-msk.png-channel.png,3
Type_3/1375.jpg-msk.png-channel.png,3
Type_3/1382.jpg-msk.png-channel.png,3
Type_3/1387.jpg-msk.png-channel.png,3
Type_3/1396.jpg-msk.png-channel.png,3
Type_3/1397.jpg-msk.png-channel.png,3
Type_3/1400.jpg-msk.png-channel.png,3
Type_3/1401.jpg-msk.png-channel.png,3
Type_3/1402.jpg-msk.png-channel.png,3
Type_3/1404.jpg-msk.png-channel.png,3
Type_3/1408.jpg-msk.png-channel.png,3
Type_3/1409.jpg-msk.png-channel.png,3
Type_3/1412.jpg-msk.png-channel.png,3
Type_3/1417.jpg-msk.png-channel.png,3
Type_3/1420.jpg-msk.png-channel.png,3
Type_3/1423.jpg-msk.png-channel.png,3
Type_3/1429.jpg-msk.png-channel.png,3
Type_3/1431.jpg-msk.png-channel.png,3
Type_3/1442.jpg-msk.png-channel.png,3
Type_3/1448.jpg-msk.png-channel.png,3
Type_3/1455.jpg-msk.png-channel.png,3
Type_3/1459.jpg-msk.png-channel.png,3
Type_3/145.jpg-msk.png-channel.png,3
Type_3/1460.jpg-msk.png-channel.png,3
Type_3/1461.jpg-msk.png-channel.png,3
Type_3/1469.jpg-msk.png-channel.png,3
Type_3/1470.jpg-msk.png-channel.png,3
Type_3/1477.jpg-msk.png-channel.png,3
Type_3/150.jpg-msk.png-channel.png,3
Type_3/154.jpg-msk.png-channel.png,3
Type_3/155.jpg-msk.png-channel.png,3
Type_3/158.jpg-msk.png-channel.png,3
Type_3/163.jpg-msk.png-channel.png,3
Type_3/16.jpg-msk.png-channel.png,3
Type_3/172.jpg-msk.png-channel.png,3
Type_3/174.jpg-msk.png-channel.png,3
Type_3/179.jpg-msk.png-channel.png,3
Type_3/187.jpg-msk.png-channel.png,3
Type_3/188.jpg-msk.png-channel.png,3
Type_3/18.jpg-msk.png-channel.png,3
Type_3/193.jpg-msk.png-channel.png,3
Type_3/194.jpg-msk.png-channel.png,3
Type_3/196.jpg-msk.png-channel.png,3
Type_3/197.jpg-msk.png-channel.png,3
Type_3/200.jpg-msk.png-channel.png,3
Type_3/202.jpg-msk.png-channel.png,3
Type_3/20.jpg-msk.png-channel.png,3
Type_3/211.jpg-msk.png-channel.png,3
Type_3/212.jpg-msk.png-channel.png,3
Type_3/220.jpg-msk.png-channel.png,3
Type_3/221.jpg-msk.png-channel.png,3
Type_3/222.jpg-msk.png-channel.png,3
Type_3/226.jpg-msk.png-channel.png,3
Type_3/228.jpg-msk.png-channel.png,3
Type_3/232.jpg-msk.png-channel.png,3
Type_3/23.jpg-msk.png-channel.png,3
Type_3/242.jpg-msk.png-channel.png,3
Type_3/249.jpg-msk.png-channel.png,3
Type_3/253.jpg-msk.png-channel.png,3
Type_3/256.jpg-msk.png-channel.png,3
Type_3/258.jpg-msk.png-channel.png,3
Type_3/259.jpg-msk.png-channel.png,3
Type_3/25.jpg-msk.png-channel.png,3
Type_3/261.jpg-msk.png-channel.png,3
Type_3/263.jpg-msk.png-channel.png,3
Type_3/269.jpg-msk.png-channel.png,3
Type_3/272.jpg-msk.png-channel.png,3
Type_3/273.jpg-msk.png-channel.png,3
Type_3/277.jpg-msk.png-channel.png,3
Type_3/280.jpg-msk.png-channel.png,3
Type_3/286.jpg-msk.png-channel.png,3
Type_3/287.jpg-msk.png-channel.png,3
Type_3/289.jpg-msk.png-channel.png,3
Type_3/295.jpg-msk.png-channel.png,3
Type_3/299.jpg-msk.png-channel.png,3
Type_3/300.jpg-msk.png-channel.png,3
Type_3/304.jpg-msk.png-channel.png,3
Type_3/307.jpg-msk.png-channel.png,3
Type_3/309.jpg-msk.png-channel.png,3
Type_3/30.jpg-msk.png-channel.png,3
Type_3/318.jpg-msk.png-channel.png,3
Type_3/321.jpg-msk.png-channel.png,3
Type_3/322.jpg-msk.png-channel.png,3
Type_3/323.jpg-msk.png-channel.png,3
Type_3/324.jpg-msk.png-channel.png,3
Type_3/325.jpg-msk.png-channel.png,3
Type_3/328.jpg-msk.png-channel.png,3
Type_3/336.jpg-msk.png-channel.png,3
Type_3/33.jpg-msk.png-channel.png,3
Type_3/355.jpg-msk.png-channel.png,3
Type_3/357.jpg-msk.png-channel.png,3
Type_3/362.jpg-msk.png-channel.png,3
Type_3/373.jpg-msk.png-channel.png,3
Type_3/380.jpg-msk.png-channel.png,3
Type_3/38.jpg-msk.png-channel.png,3
Type_3/391.jpg-msk.png-channel.png,3
Type_3/3.jpg-msk.png-channel.png,3
Type_3/405.jpg-msk.png-channel.png,3
Type_3/409.jpg-msk.png-channel.png,3
Type_3/415.jpg-msk.png-channel.png,3
Type_3/417.jpg-msk.png-channel.png,3
Type_3/422.jpg-msk.png-channel.png,3
Type_3/426.jpg-msk.png-channel.png,3
Type_3/427.jpg-msk.png-channel.png,3
Type_3/433.jpg-msk.png-channel.png,3
Type_3/435.jpg-msk.png-channel.png,3
Type_3/436.jpg-msk.png-channel.png,3
Type_3/439.jpg-msk.png-channel.png,3
Type_3/450.jpg-msk.png-channel.png,3
Type_3/459.jpg-msk.png-channel.png,3
Type_3/466.jpg-msk.png-channel.png,3
Type_3/467.jpg-msk.png-channel.png,3
Type_3/468.jpg-msk.png-channel.png,3
Type_3/475.jpg-msk.png-channel.png,3
Type_3/477.jpg-msk.png-channel.png,3
Type_3/489.jpg-msk.png-channel.png,3
Type_3/492.jpg-msk.png-channel.png,3
Type_3/494.jpg-msk.png-channel.png,3
Type_3/498.jpg-msk.png-channel.png,3
Type_3/49.jpg-msk.png-channel.png,3
Type_3/50.jpg-msk.png-channel.png,3
Type_3/510.jpg-msk.png-channel.png,3
Type_3/511.jpg-msk.png-channel.png,3
Type_3/512.jpg-msk.png-channel.png,3
Type_3/519.jpg-msk.png-channel.png,3
Type_3/520.jpg-msk.png-channel.png,3
Type_3/530.jpg-msk.png-channel.png,3
Type_3/543.jpg-msk.png-channel.png,3
Type_3/554.jpg-msk.png-channel.png,3
Type_3/555.jpg-msk.png-channel.png,3
Type_3/565.jpg-msk.png-channel.png,3
Type_3/567.jpg-msk.png-channel.png,3
Type_3/571.jpg-msk.png-channel.png,3
Type_3/575.jpg-msk.png-channel.png,3
Type_3/585.jpg-msk.png-channel.png,3
Type_3/587.jpg-msk.png-channel.png,3
Type_3/58.jpg-msk.png-channel.png,3
Type_3/590.jpg-msk.png-channel.png,3
Type_3/598.jpg-msk.png-channel.png,3
Type_3/599.jpg-msk.png-channel.png,3
Type_3/59.jpg-msk.png-channel.png,3
Type_3/600.jpg-msk.png-channel.png,3
Type_3/604.jpg-msk.png-channel.png,3
Type_3/606.jpg-msk.png-channel.png,3
Type_3/617.jpg-msk.png-channel.png,3
Type_3/61.jpg-msk.png-channel.png,3
Type_3/625.jpg-msk.png-channel.png,3
Type_3/626.jpg-msk.png-channel.png,3
Type_3/627.jpg-msk.png-channel.png,3
Type_3/630.jpg-msk.png-channel.png,3
Type_3/631.jpg-msk.png-channel.png,3
Type_3/637.jpg-msk.png-channel.png,3
Type_3/638.jpg-msk.png-channel.png,3
Type_3/63.jpg-msk.png-channel.png,3
Type_3/646.jpg-msk.png-channel.png,3
Type_3/650.jpg-msk.png-channel.png,3
Type_3/654.jpg-msk.png-channel.png,3
Type_3/661.jpg-msk.png-channel.png,3
Type_3/664.jpg-msk.png-channel.png,3
Type_3/669.jpg-msk.png-channel.png,3
Type_3/670.jpg-msk.png-channel.png,3
Type_3/672.jpg-msk.png-channel.png,3
Type_3/679.jpg-msk.png-channel.png,3
Type_3/690.jpg-msk.png-channel.png,3
Type_3/692.jpg-msk.png-channel.png,3
Type_3/695.jpg-msk.png-channel.png,3
Type_3/697.jpg-msk.png-channel.png,3
Type_3/69.jpg-msk.png-channel.png,3
Type_3/711.jpg-msk.png-channel.png,3
Type_3/715.jpg-msk.png-channel.png,3
Type_3/721.jpg-msk.png-channel.png,3
Type_3/728.jpg-msk.png-channel.png,3
Type_3/731.jpg-msk.png-channel.png,3
Type_3/733.jpg-msk.png-channel.png,3
Type_3/734.jpg-msk.png-channel.png,3
Type_3/735.jpg-msk.png-channel.png,3
Type_3/736.jpg-msk.png-channel.png,3
Type_3/737.jpg-msk.png-channel.png,3
Type_3/740.jpg-msk.png-channel.png,3
Type_3/746.jpg-msk.png-channel.png,3
Type_3/750.jpg-msk.png-channel.png,3
Type_3/752.jpg-msk.png-channel.png,3
Type_3/755.jpg-msk.png-channel.png,3
Type_3/757.jpg-msk.png-channel.png,3
Type_3/758.jpg-msk.png-channel.png,3
Type_3/766.jpg-msk.png-channel.png,3
Type_3/767.jpg-msk.png-channel.png,3
Type_3/773.jpg-msk.png-channel.png,3
Type_3/774.jpg-msk.png-channel.png,3
Type_3/778.jpg-msk.png-channel.png,3
Type_3/780.jpg-msk.png-channel.png,3
Type_3/782.jpg-msk.png-channel.png,3
Type_3/784.jpg-msk.png-channel.png,3
Type_3/788.jpg-msk.png-channel.png,3
Type_3/799.jpg-msk.png-channel.png,3
Type_3/801.jpg-msk.png-channel.png,3
Type_3/806.jpg-msk.png-channel.png,3
Type_3/808.jpg-msk.png-channel.png,3
Type_3/812.jpg-msk.png-channel.png,3
Type_3/818.jpg-msk.png-channel.png,3
Type_3/820.jpg-msk.png-channel.png,3
Type_3/822.jpg-msk.png-channel.png,3
Type_3/823.jpg-msk.png-channel.png,3
Type_3/825.jpg-msk.png-channel.png,3
Type_3/828.jpg-msk.png-channel.png,3
Type_3/82.jpg-msk.png-channel.png,3
Type_3/835.jpg-msk.png-channel.png,3
Type_3/837.jpg-msk.png-channel.png,3
Type_3/839.jpg-msk.png-channel.png,3
Type_3/840.jpg-msk.png-channel.png,3
Type_3/845.jpg-msk.png-channel.png,3
Type_3/853.jpg-msk.png-channel.png,3
Type_3/864.jpg-msk.png-channel.png,3
Type_3/866.jpg-msk.png-channel.png,3
Type_3/869.jpg-msk.png-channel.png,3
Type_3/870.jpg-msk.png-channel.png,3
Type_3/875.jpg-msk.png-channel.png,3
Type_3/876.jpg-msk.png-channel.png,3
Type_3/877.jpg-msk.png-channel.png,3
Type_3/878.jpg-msk.png-channel.png,3
Type_3/87.jpg-msk.png-channel.png,3
Type_3/881.jpg-msk.png-channel.png,3
Type_3/885.jpg-msk.png-channel.png,3
Type_3/892.jpg-msk.png-channel.png,3
Type_3/893.jpg-msk.png-channel.png,3
Type_3/897.jpg-msk.png-channel.png,3
Type_3/898.jpg-msk.png-channel.png,3
Type_3/899.jpg-msk.png-channel.png,3
Type_3/900.jpg-msk.png-channel.png,3
Type_3/902.jpg-msk.png-channel.png,3
Type_3/907.jpg-msk.png-channel.png,3
Type_3/909.jpg-msk.png-channel.png,3
Type_3/910.jpg-msk.png-channel.png,3
Type_3/914.jpg-msk.png-channel.png,3
Type_3/916.jpg-msk.png-channel.png,3
Type_3/923.jpg-msk.png-channel.png,3
Type_3/924.jpg-msk.png-channel.png,3
Type_3/927.jpg-msk.png-channel.png,3
Type_3/931.jpg-msk.png-channel.png,3
Type_3/941.jpg-msk.png-channel.png,3
Type_3/943.jpg-msk.png-channel.png,3
Type_3/944.jpg-msk.png-channel.png,3
Type_3/945.jpg-msk.png-channel.png,3
Type_3/947.jpg-msk.png-channel.png,3
Type_3/949.jpg-msk.png-channel.png,3
Type_3/950.jpg-msk.png-channel.png,3
Type_3/951.jpg-msk.png-channel.png,3
Type_3/952.jpg-msk.png-channel.png,3
Type_3/953.jpg-msk.png-channel.png,3
Type_3/954.jpg-msk.png-channel.png,3
Type_3/962.jpg-msk.png-channel.png,3
Type_3/968.jpg-msk.png-channel.png,3
Type_3/980.jpg-msk.png-channel.png,3
Type_3/983.jpg-msk.png-channel.png,3
Type_3/98.jpg-msk.png-channel.png,3
Type_3/995.jpg-msk.png-channel.png,3
